{"cameraMode":{"drawMode":0,"name":"Shaded","section":"Shading Mode"},"sceneLighting":true,"audioPlay":false,"sceneViewState":{"m_AlwaysRefresh":false,"showFog":true,"showSkybox":true,"showFlares":true,"showImageEffects":true,"showParticleSystems":true,"showVisualEffectGraphs":true,"m_FxEnabled":true},"in2DMode":false,"pivot":{"x":15.569999694824219,"y":9.979999542236329,"z":-33.369998931884769},"rotation":{"x":0.31437939405441286,"y":-0.008252785541117192,"z":0.0027271248400211336,"w":0.9492728114128113},"size":12.12435531616211,"orthographic":false}